mjd,instrument,filter,mag,emag,wave,mag0,tmax_rf,tmax_of,mag0_abs,freq,fratio,fratio_unc,fnu,fnu_unc,nufnu,nufnu_unc,flambda,flambda_unc,Llambda,Llambda_unc,datetime64,date
58580.4421,P48+ZTF,g,20.828,0.148,4813.97,20.74757398755756,-2.700381866245843,-2.75789999999688,-14.089092607764918,622755143883322.9,432152.51330530393,58908.02175417287,1.5691457758115585e-14,2.138950269894017e-15,9.771936033894354,1.3320422830871208,0.002029912117004126,0.00027670348653753985,2.4287800695936414e+37,3.310743887185158e+36,2019-04-07T10:36:37.440000018,2019 04 07
58580.4842,P48+ZTF,r,20.891,0.139,6421.81,20.83374146346069,-2.659159894250588,-2.7157999999981257,-14.002925131861787,466834830055700.75,399181.1755112522,51104.66350196434,1.449426848281357e-14,1.855610331756325e-15,6.766429363955972,0.8662635338750666,0.0010536638991119282,0.00013489398376393362,1.260703779624847e+37,1.6140000176828558e+36,2019-04-07T11:37:14.879999910,2019 04 07
58581.4308,P48+ZTF,r,19.187,0.05,6421.81,19.129741463460693,-1.732301968075179,-1.7691999999951804,-15.706925131861784,466834830055700.75,1917653.126035757,88311.19003086732,6.962998500635833e-14,3.2065793100207927e-15,32.50570221722428,1.4969429072536828,0.005061766420561225,0.00023310295808404215,6.05637913888686e+37,2.7890656645441994e+36,2019-04-08T10:20:21.120000165,2019 04 08
58581.4807,P48+ZTF,g,18.813,0.033,4813.97,18.732573987557558,-1.6834426711025356,-1.7192999999970198,-16.10409260776492,622755143883322.9,2764630.1700278157,84028.51006634888,1.0038372147370999e-13,3.051075200509128e-15,62.51447890990367,1.9000727754919002,0.01298605494215869,0.00039469975415133457,1.5537752182450233e+38,4.7225635451208204e+36,2019-04-08T11:32:12.480000006,2019 04 08
58581.5163,P48+ZTF,i,19.437,0.171,7883.06,19.39509155747314,-1.6485851365848747,-1.6836999999941327,-15.441575037849336,380299601931229.75,1501861.9522584968,236538.48210156595,5.453260748650602e-14,8.58871228510786e-15,20.738728919390237,3.2662838631283817,0.0026307967869571252,0.0004143421289611371,3.147735682637667e+37,4.9575836135164206e+36,2019-04-08T12:23:28.320000255,2019 04 08
58582.1544,LT+IOO,g,18.59,0.01,4795.5,18.509165092090456,-1.0237932047367555,-1.0455999999976484,-16.32750150323202,625153702429360.8,3396257.428113853,31280.68690378102,1.23318107214814e-13,1.1358017414762888e-15,77.09277130192184,0.7100506639096176,0.01607606533248292,0.00014806603355429414,1.9234934729413426e+38,1.7716029589064323e+36,2019-04-09T03:42:20.159999952,2019 04 09
58582.1552,LT+IOO,r,18.84,0.02,6187.58,18.780238305537235,-1.0230098893528152,-1.0447999999960302,-16.05642828978524,484506799104011.56,2645887.142722104,48739.04234061221,9.60721621522396e-14,1.7697146273876296e-15,46.54761576738318,0.8574387694431289,0.007522749728873514,0.00013857417107223323,9.000933812343868e+37,1.6580332815463246e+36,2019-04-09T03:43:29.280000092,2019 04 09
58582.156,LT+IOO,u,18.45,0.03,3479.24,18.341090823542608,-1.022226573968875,-1.043999999994412,-16.49557577177987,861660759246272.2,3964882.3837091094,109553.74886643952,1.4396487935247776e-13,3.977896621340419e-15,124.04888724765397,3.4275974229473665,0.0356540184774991,0.0009851569374194843,4.265986135738566e+38,1.1787355299685078e+37,2019-04-09T03:44:38.400000231,2019 04 09
58582.1575,LT+IOO,i,19.11,0.02,7658.73,19.065798849067722,-1.0207578576284395,-1.0424999999959255,-15.770867746254755,391438865190442.8,2033981.968369054,37467.332478282166,7.385388527148034e-14,1.3604388422864255e-15,28.909281040573426,0.5325286365855982,0.0037746834058092434,6.953223792790688e-05,4.516390511814805e+37,8.319498773315616e+35,2019-04-09T03:46:48.000000101,2019 04 09
58582.1583,LT+IOO,z,19.28,0.07,9669.83,19.250916852299834,-1.0199745422444995,-1.0416999999943073,-15.585749743022642,310028674754364.9,1715141.2703436296,110579.24420121915,6.22767795261772e-14,4.015132356946267e-15,19.30758742447048,1.2448061635874208,0.0019966832327425075,0.00012873092532003364,2.389021869643309e+37,1.5402593202856855e+36,2019-04-09T03:47:57.120000240,2019 04 09
58582.4396,P48+ZTF,g,18.505,0.019,4813.97,18.424573987557558,-0.7445412709284327,-0.7603999999992084,-16.41209260776492,622755143883322.9,3671445.1390839415,64248.992837201025,1.333101730001379e-13,2.3328809299187694e-15,83.01959596781154,1.4528135991742233,0.01724555740227121,0.0003017911618008054,2.063422635729026e+38,3.610916713197866e+36,2019-04-09T10:33:01.439999817,2019 04 09
58582.4516,P48+ZTF,r,18.761,0.02,6421.81,18.70374146346069,-0.7327915401907016,-0.7483999999967637,-16.132925131861786,466834830055700.75,2839030.464196235,52296.873803313734,1.0308519615496529e-13,1.8988994877983218e-15,48.1237600282618,0.8864724196791868,0.007493800038970601,0.00013804089807689527,8.966295647830183e+37,1.651652695845694e+36,2019-04-09T10:50:18.240000028,2019 04 09
58582.8261,Swift+UVOT,UVW1,18.685,0.108,2614.22,18.53941811612129,-0.3661020268272637,-0.3738999999986845,-16.297248479201187,1146775933165533.2,3302930.167518139,328547.999531272,1.1992939438258363e-13,1.1929577862980487e-14,137.5321431570646,13.680552786090335,0.052609246030198155,0.0052331298766325465,6.29467094482268e+38,6.261414688591824e+37,2019-04-09T19:49:35.039999862,2019 04 09
58582.828,Swift+UVOT,U,18.289,0.113,3475.49,18.180024252059297,-0.3642416527912962,-0.37199999999575084,-16.65664234326318,862590477889448.6,4598931.461845602,478642.28245416435,1.669872013796138e-13,1.7379501275910708e-14,144.04156983946265,14.9913923110681,0.04144496742602127,0.0043134615007000745,4.9588703878392355e+38,5.16103590697396e+37,2019-04-09T19:52:19.200000116,2019 04 09
58582.8289,Swift+UVOT,B,18.606,0.193,4359.06,18.514641410108233,-0.363360422987035,-0.3710999999966589,-16.322025185214244,687745656173578.6,3379170.258186747,600679.8492782406,1.2269767207476078e-13,2.1810685327292915e-14,84.38479099202692,15.00020409201451,0.019358483478554303,0.003441155683109319,2.3162332229270057e+38,4.117326198259163e+37,2019-04-09T19:53:36.960000037,2019 04 09
58582.8299,Swift+UVOT,UVW2,18.802,0.103,2079.03,18.591991601883027,-0.36238127876245285,-0.37010000000009313,-16.24467499343945,1441982357156943.2,3146806.201510304,298526.50886572036,1.1426053317683915e-13,1.0839497536914306e-14,164.76167296034762,15.630364208676571,0.07924930037582316,0.007518104216233806,9.482140614348968e+38,8.995375478848614e+37,2019-04-09T19:55:03.359999741,2019 04 09
58582.8337,Swift+UVOT,V,18.679,0.404,5430.09,18.609860480622025,-0.35866053069051773,-0.3662999999942258,-16.22680611470045,552094823474380.7,3095440.3958054893,1151806.4097199426,1.1239544077169732e-13,4.1822090736931114e-14,62.05294103217544,23.089759802735514,0.011427608203947897,0.004252187312316281,1.3673078167460894e+38,5.087721635740028e+37,2019-04-09T20:00:31.680000247,2019 04 09
58582.8346,Swift+UVOT,UVM2,18.55,0.068,2255.08,18.344704768400202,-0.35777930088625653,-0.36539999999513384,-16.491961826922275,1329409413413271.2,3951706.949947404,247496.64920337225,1.4348647935259024e-13,8.986603332574447e-15,190.75227634886244,11.946875064935544,0.08458780901292302,0.0052977610838354046,1.0120890601135481e+39,6.338745616671485e+37,2019-04-09T20:01:49.440000169,2019 04 09
58583.1637,LT+IOO,g,18.48,0.02,4795.5,18.399165092090456,-0.035542935474156004,-0.03629999999975553,-16.43750150323202,625153702429360.8,3758379.2464616057,69231.9042137655,1.364667504390209e-13,2.5138104420018257e-15,85.3126942954575,1.5715179050230292,0.01779015624970441,0.00032770678866083394,2.1285836254826892e+38,3.9209959401821295e+36,2019-04-10T03:55:43.679999770,2019 04 10
58583.1645,LT+IOO,r,18.63,0.01,6187.58,18.570238305537234,-0.034759620090215756,-0.035499999998137355,-16.266428289785242,484506799104011.56,3210489.9585676407,29569.705279219685,1.1657289039559105e-13,1.0736759986884667e-15,56.48035798787059,0.5202033213993519,0.009128020645853564,8.407217707073717e-05,1.0921632731671286e+38,1.0059195487640854e+36,2019-04-10T03:56:52.799999909,2019 04 10
58583.1654,LT+IOO,u,18.32,0.03,3479.24,18.21109082354261,-0.03387839028595456,-0.034599999999045394,-16.625575771779868,861660759246272.2,4469205.336951998,123488.70703674122,1.6227684578472704e-13,4.483874952504074e-15,139.82759014695813,3.863579095940003,0.04018911893027159,0.0011104663937928983,4.808608720284503e+38,1.328667690884193e+37,2019-04-10T03:58:10.559999831,2019 04 10
58583.4082,P48+ZTF,g,18.516,0.037,4813.97,18.435573987557557,0.2038578282590257,0.20820000000094296,-16.40109260776492,622755143883322.9,3634436.1463026833,123855.25768034623,1.3196637647225042e-13,4.4971844063733716e-15,82.18273976773706,2.800644722060885,0.017071718304795636,0.0005817744443901571,2.0426228714570654e+38,6.960903202150085e+36,2019-04-10T09:47:48.479999830,2019 04 10
58583.5747,Swift+UVOT,UVW1,18.873,0.101,2614.22,18.727418116121292,0.366885342211204,0.3747000000003027,-16.109248479201185,1146775933165533.2,2777789.8820319423,258402.34198299216,1.0086155061657983e-13,9.382589037402446e-15,115.665598828851,10.759727298875893,0.04424478384713261,0.004115846141057713,5.2938670739101724e+38,4.924590081105739e+37,2019-04-10T13:47:34.079999775,2019 04 10
58583.5766,Swift+UVOT,U,18.512,0.107,3475.49,18.403024252059296,0.36874571624717156,0.37660000000323635,-16.43364234326318,862590477889448.6,3745044.1101578986,369076.50130002236,1.359825516398333e-13,1.3401167762203812e-14,117.29725420363044,11.559719704276059,0.033749846555055675,0.003326069044732127,4.038152882487386e+38,3.979625589831056e+37,2019-04-10T13:50:18.240000028,2019 04 10
58583.5775,Swift+UVOT,B,18.494,0.142,4359.06,18.40264141010823,0.36962694605143276,0.3775000000023283,-16.434025185214246,687745656173578.6,3746364.8847592976,489975.19959678483,1.3603050896561009e-13,1.779099949735926e-14,93.55439164817938,12.235682623295151,0.021462056417709176,0.0028069543945931346,2.5679247117731455e+38,3.358507411595609e+37,2019-04-10T13:51:35.999999950,2019 04 10
58583.5785,Swift+UVOT,UVW2,19.219,0.098,2079.03,19.00899160188303,0.3706060902831391,0.37850000000617,-15.827674993439448,1441982357156943.2,2143236.009163254,193451.3447903205,7.782089949271775e-14,7.024218329336537e-15,112.21636408658271,10.128798903721705,0.053975346236746324,0.004871886843249835,6.458124176464492e+38,5.829189139313182e+37,2019-04-10T13:53:02.400000282,2019 04 10
58583.5823,Swift+UVOT,V,18.457,0.289,5430.09,18.387860480622027,0.37432683834795,0.3823000000047614,-16.44880611470045,552094823474380.7,3797715.664065202,1010871.5377685534,1.378950557622075e-13,3.6704745536376173e-14,76.13114646902582,20.264500007577666,0.0140202365833763,0.0037318902647244644,1.6775145534353592e+38,4.46518872464807e+37,2019-04-10T13:58:30.720000160,2019 04 10
58583.5833,Swift+UVOT,UVM2,18.85,0.093,2255.08,18.644704768400203,0.37530598257253217,0.38330000000132713,-16.191961826922274,1329409413413271.2,2997676.2753170733,256769.4550322127,1.0884562555676293e-13,9.323298912219642e-15,144.70039922401676,12.394481337970506,0.06416641503805487,0.005496249063434781,7.677480649345009e+38,6.576235528114727e+37,2019-04-10T13:59:57.119999863,2019 04 10
58584.2324,LT+IOO,g,18.58,0.01,4795.5,18.499165092090454,1.0108685009338003,1.0324000000036904,-16.337501503232023,625153702429360.8,3427682.611183287,31570.12353610217,1.2445915561206515e-13,1.1463111855958699e-15,77.80610193211449,0.7166206818114482,0.016224815333565738,0.00014943607169459874,1.941291338915717e+38,1.787995399258313e+36,2019-04-11T05:34:39.360000067,2019 04 11
58584.2332,LT+IOO,r,18.68,0.02,6187.58,18.620238305537235,1.0116518163177406,1.0332000000053085,-16.21642828978524,484506799104011.56,3065994.107928361,56477.69862498737,1.1132624605887878e-13,2.0507052370732915e-15,53.93832313425294,0.9935806303202137,0.008717192041840743,0.0001605766115864706,1.0430078285995109e+38,1.921291422407458e+36,2019-04-11T05:35:48.480000207,2019 04 11
58584.2341,LT+IOO,u,18.57,0.02,3479.24,18.46109082354261,1.0125330461220017,1.0341000000044005,-16.375575771779868,861660759246272.2,3550015.985921421,65393.7111125858,1.289010804488068e-13,2.3744456504979903e-15,111.06900284718368,2.045966641997107,0.03192335189500686,0.0005880498735347683,3.819613676263379e+38,7.035988409568193e+36,2019-04-11T05:37:06.240000129,2019 04 11
58584.2355,LT+IOO,i,18.85,0.02,7658.73,18.805798849067724,1.013903848042116,1.0355000000054133,-16.030867746254753,391438865190442.8,2584324.819470814,47605.0224381442,9.383683419498526e-14,1.728538364729016e-15,36.731383890348766,0.6766170959276697,0.0047960149907816,8.834586098839752e-05,5.7384088333214305e+37,1.0570539709689025e+36,2019-04-11T05:39:07.200000216,2019 04 11
58584.2363,LT+IOO,z,19.15,0.07,9669.83,19.120916852299832,1.0146871634189323,1.0362999999997555,-15.715749743022645,310028674754364.9,1933302.876912979,124644.64276942519,7.019822746071027e-14,4.5258469789578285e-15,21.76346342974947,1.4031423410273414,0.0022506562607356563,0.00014510517155186196,2.6928993742096084e+37,1.7361763876766505e+36,2019-04-11T05:40:16.319999727,2019 04 11
58584.4009,P48+ZTF,r,18.695,0.024,6421.81,18.637741463460692,1.175854303342267,1.2009000000034575,-16.198925131861785,466834830055700.75,3016963.4773827656,66689.42523963875,1.0954594386376822e-13,2.421493030451283e-15,51.139862086933576,1.1304372873517885,0.007963465453966027,0.0001760309456916023,9.528248054420995e+37,2.1062017855160936e+36,2019-04-11T09:37:17.760000047,2019 04 11
58584.4691,P48+ZTF,g,18.653,0.016,4813.97,18.572573987557558,1.2426319396895942,1.2691000000049826,-16.26409260776492,622755143883322.9,3203590.8391715293,47209.859266103354,1.1632238337031823e-13,1.7141899899522127e-15,72.44036259263358,1.0675206338360421,0.015047946412759857,0.00022175473337724208,1.8004795394573226e+38,2.653284702588938e+36,2019-04-11T11:15:30.240000179,2019 04 11
58585.4191,P48+ZTF,r,18.753,0.026,6421.81,18.695741463460692,2.172818956234282,2.219100000002072,-16.140925131861785,466834830055700.75,2860026.4708728744,68488.7249009626,1.0384756115739407e-13,2.486825601153952e-15,48.47965856461105,1.160936806892871,0.007549220323337353,0.0001807803106745405,9.032605751106889e+37,2.1630277087526648e+36,2019-04-12T10:03:30.239999928,2019 04 12
58586.4101,P48+ZTF,r,18.918,0.027,6421.81,18.86074146346069,3.143150886129322,3.2101000000038766,-15.975925131861786,466834830055700.75,2456801.410343158,61095.53848215136,8.920645920956007e-14,2.2183790022869158e-15,41.64468222496578,1.0356165845317473,0.006484882334570125,0.00016126552864873723,7.759130474628223e+37,1.9295342818712742e+36,2019-04-13T09:50:32.640000083,2019 04 13
58586.448,P48+ZTF,g,19.037,0.025,4813.97,18.956573987557558,3.180260452364234,3.2479999999995925,-15.880092607764919,622755143883322.9,2249246.446912993,51790.81339131682,8.167013848741078e-14,1.8805244342387138e-15,50.860498844698405,1.1711062646204344,0.010565188159605981,0.0002432724476098593,1.264119673881703e+38,2.910743116840504e+36,2019-04-13T10:45:07.199999713,2019 04 13
58586.5159,P48+ZTF,i,18.977,0.082,7883.06,18.93509155747314,3.246744345443474,3.3159000000014203,-15.901575037849337,380299601931229.75,2294193.342429249,173268.47281573978,8.330216026360604e-14,6.2913782479395115e-15,31.679778388260882,2.392608643290194,0.004018715877877484,0.000303512676966837,4.808374189102152e+37,3.6315145592313756e+36,2019-04-13T12:22:53.759999871,2019 04 13
58587.4222,P48+ZTF,r,19.021,0.054,6421.81,18.963741463460693,4.13414275923215,4.222200000003795,-15.872925131861784,466834830055700.75,2234446.973661768,111132.0927210077,8.113276961365879e-14,4.0352062866997896e-15,37.875602714540726,1.8837748410911916,0.005897963769488777,0.0002933401706203067,7.056885238786234e+37,3.5098010108205636e+36,2019-04-14T10:07:58.080000076,2019 04 14
58587.4658,P48+ZTF,g,19.178,0.031,4813.97,19.09757398755756,4.176833447567841,4.265800000001036,-15.739092607764917,622755143883322.9,1975318.0994423924,56399.391320247545,7.172380019075326e-14,2.0478618988381883e-15,44.66636550765125,1.2753165314641508,0.00927848854638713,0.00026491991671409473,1.1101666849832461e+38,3.1697540418804884e+36,2019-04-14T11:10:45.119999838,2019 04 14
58588.43,P48+ZTF,r,19.099,0.031,6421.81,19.041741463460692,5.120924312154314,5.230000000003201,-15.794925131861785,466834830055700.75,2079553.2842677964,59375.52006627878,7.550857975176369e-14,2.1559251336065825e-15,35.25003499616193,1.0064609433600429,0.0054891121033107376,0.00015672543151542054,6.567696189706155e+37,1.8752122383746667e+36,2019-04-15T10:19:12.000000025,2019 04 15
58588.4794,P48+ZTF,g,19.392,0.039,4813.97,19.31157398755756,5.169294037011104,5.279399999999441,-15.525092607764918,622755143883322.9,1621948.4353945209,58260.91890753326,5.889294768917506e-14,2.115453965532533e-15,36.67588611188522,1.3174098386837585,0.007618636200866482,0.00027366390706293523,9.115661514183434e+37,3.274375465192775e+36,2019-04-15T11:30:20.159999700,2019 04 15
58589.3489,P48+ZTF,r,18.989,0.199,6421.81,18.931741463460693,6.020659943209771,6.14890000000014,-15.904925131861784,466834830055700.75,2301283.1244196105,421792.4572769696,8.355959024767606e-14,1.5315284123726767e-14,39.00852711279784,7.149708061154757,0.00607438200644333,0.0011133478039921387,7.26796880946832e+37,1.3321152843073837e+37,2019-04-16T08:22:24.959999761,2019 04 16
58590.0252,LT+IOO,g,19.47,0.14,4795.5,19.389165092090455,6.682855184568014,6.825199999999313,-15.447501503232022,625153702429360.8,1510082.2449136397,194717.20051465533,5.483108631281426e-14,7.070181550687135e-15,34.27785661667968,4.419950173259822,0.007147921304698088,0.0009216870343571727,8.55245340842468e+37,1.102794096698828e+37,2019-04-17T00:36:17.279999689,2019 04 17
58590.026,LT+IOO,r,19.16,0.04,6187.58,19.100238305537236,6.683638499951954,6.826000000000931,-15.736428289785241,484506799104011.56,1970476.7545319095,72595.0464172234,7.154801095705364e-14,2.635926135409382e-15,34.66549777106081,1.277124134541807,0.005602432254784715,0.00020640123191002088,6.703283205064007e+37,2.4695807971356373e+36,2019-04-17T00:37:26.399999829,2019 04 17
58590.0268,LT+IOO,i,19.24,0.07,7658.73,19.19579884906772,6.684421815335894,6.8268000000025495,-15.640867746254756,391438865190442.8,1804459.3316154133,116337.7924209662,6.551991833095566e-14,4.224225242805283e-15,25.647042478839776,1.6535259353525227,0.0033487330770035992,0.00021590080017868795,4.0067429952677105e+37,2.5832426738612878e+36,2019-04-17T00:38:35.519999969,2019 04 17
58590.0277,LT+IOO,z,19.28,0.21,9669.83,19.250916852299834,6.685303045140156,6.8277000000016415,-15.585749743022642,310028674754364.9,1715141.2703436296,331737.73260365747,6.22767795261772e-14,1.2045397070838802e-14,19.30758742447048,3.7344184907622626,0.0019966832327425075,0.0003861927759601009,2.389021869643309e+37,4.6207779608570564e+36,2019-04-17T00:39:53.279999890,2019 04 17
58591.0676,LT+IOO,g,19.44,0.07,4795.5,19.359165092090457,7.703515127783256,7.867600000005041,-15.47750150323202,625153702429360.8,1552389.15928263,100086.22782731282,5.6367250373552296e-14,3.634130932409728e-15,35.238195266788985,2.2718904075090065,0.007348179598955059,0.00047375464654551277,8.792061492827854e+37,5.66845152442027e+36,2019-04-18T01:37:20.640000184,2019 04 18
58591.0685,LT+IOO,r,19.31,0.09,6187.58,19.250238305537234,7.704396357587518,7.868500000004133,-15.586428289785243,484506799104011.56,1716213.50805212,142262.19504128981,6.231571247737248e-14,5.165540301949233e-15,30.192386386297656,2.5027393973401924,0.004879514509113039,0.00040447790531034626,5.838315604774855e+37,4.839558652709674e+36,2019-04-18T01:38:38.400000106,2019 04 18
58591.0693,LT+IOO,i,19.22,0.06,7658.73,19.17579884906772,7.705179672971458,7.869300000005751,-15.660867746254755,391438865190442.8,1838006.735277348,101572.0058273346,6.67380245579205e-14,3.688079531590519e-15,26.123856598004306,1.4436576665778929,0.0034109906731278304,0.00018849831063086085,4.081233909125847e+37,2.2553732064419984e+36,2019-04-18T01:39:47.520000245,2019 04 18
58591.0701,LT+IOO,z,19.1,0.12,9669.83,19.070916852299835,7.705962988348274,7.870100000000093,-15.765749743022642,310028674754364.9,2024416.6344445085,223746.79509509288,7.35065679966801e-14,8.124246129902822e-15,22.78914386175234,2.5187492610320494,0.0023567264224657867,0.00026047503017447563,2.8198118117632736e+37,3.1165711885510303e+36,2019-04-18T01:40:56.639999757,2019 04 18
58591.374,P48+ZTF,g,19.678,0.148,4813.97,19.59757398755756,8.003524919226813,8.174000000006345,-15.239092607764917,622755143883322.9,1246341.4625278336,169892.5905259016,4.525465850438564e-14,6.168799961995488e-15,28.18257136828932,3.8416519079199367,0.005854330494018309,0.0007980215721992319,7.004678234874079e+37,9.548289669425811e+36,2019-04-18T08:58:33.600000297,2019 04 18
58591.4525,P48+ZTF,r,19.31,0.052,6421.81,19.25274146346069,8.080387741116546,8.252500000002328,-15.583925131861786,466834830055700.75,1712261.3463032015,82006.65098719948,6.217220948426925e-14,2.977661497345213e-15,29.024152848776264,1.390076099076556,0.00451962185875575,0.0002164617294931734,5.407705782281126e+37,2.5899541660882706e+36,2019-04-18T10:51:35.999999950,2019 04 18
58592.0472,LT+IOO,g,19.4,0.13,4795.5,19.319165092090454,8.662684813476739,8.847200000003795,-15.517501503232022,625153702429360.8,1610647.865163567,192849.9957481923,5.848262398408912e-14,7.0023833456168626e-15,36.56062891143745,4.377565874342076,0.007623945138450099,0.0009128486861311805,9.122013632428256e+37,1.092219055622124e+37,2019-04-19T01:07:58.080000076,2019 04 19
58592.0472,LT+IOO,r,19.26,0.12,6187.58,19.200238305537237,8.662684813476739,8.847200000003795,-15.63642828978524,484506799104011.56,1797096.158831952,198622.40764815902,6.525256152718817e-14,7.211979621704654e-15,31.615309718875512,3.4942531617154824,0.005109478943120818,0.0005647204822750546,6.113466942290784e+37,6.756853366958714e+36,2019-04-19T01:07:58.080000076,2019 04 19
58592.0489,LT+IOO,i,19.27,0.1,7658.73,19.225798849067722,8.664349358664941,8.848900000004505,-15.610867746254755,391438865190442.8,1755282.8052473296,161667.52085405088,6.373431865853053e-14,5.870147682210588e-15,24.948089369381258,2.2978039472248204,0.0032574708038253415,0.0003000241485500625,3.8975481250344627e+37,3.5897744847724986e+36,2019-04-19T01:10:24.960000138,2019 04 19
58592.0497,LT+IOO,z,19.33,0.17,9669.83,19.30091685229983,8.665132674048882,8.849700000006123,-15.535749743022645,310028674754364.9,1637947.1971575588,256462.87035147345,5.947386272879096e-14,9.312166822462002e-15,18.438602844330077,2.8870387390594594,0.0019068176839024138,0.00029856147823275687,2.2814981733524364e+37,3.572273704885036e+36,2019-04-19T01:11:34.080000278,2019 04 19
58592.388,P48+ZTF,r,19.464,0.13,6421.81,19.40674146346069,8.996377166358485,9.18800000000192,-15.429925131861786,466834830055700.75,1485833.1814876115,177905.38138720312,5.3950602819815175e-14,6.459744398169345e-15,25.186020498791027,3.015633678322651,0.003921950431232164,0.000469592479117671,4.692594798325206e+37,5.61865139164421e+36,2019-04-19T09:18:43.199999915,2019 04 19
58592.4784,P48+ZTF,g,19.5,0.104,4813.97,19.41957398755756,9.084891804565627,9.278400000002875,-15.417092607764918,622755143883322.9,1468375.2074125258,140652.04872202108,5.331670378114881e-14,5.1070758890965855e-15,33.203251534613834,3.1804577801373934,0.0068972701397420075,0.000660672538494713,8.252550496980302e+37,7.90491509746742e+36,2019-04-19T11:28:53.759999997,2019 04 19
58593.1109,LT+IOO,r,19.41,0.06,6187.58,19.350238305537236,9.704200528740413,9.910900000002584,-15.486428289785241,484506799104011.56,1565205.321992561,86496.44260548039,5.683260524154989e-14,3.140685831004993e-15,27.535783650325207,1.5216836389715518,0.004450170123105513,0.0002459254892820055,5.324607115135409e+37,2.942486632646597e+36,2019-04-20T02:39:41.759999972,2019 04 20
58593.1117,LT+IOO,i,19.41,0.08,7658.73,19.365798849067723,9.704983844124353,9.911700000004203,-15.470867746254754,391438865190442.8,1542933.1092184824,113687.51285674982,5.6023901195723095e-14,4.127993591828586e-15,21.92993230759534,1.6158571270988018,0.0028633901844816755,0.00021098238573481528,3.4260325623372876e+37,2.5243940819680105e+36,2019-04-20T02:40:50.880000112,2019 04 20
58593.1125,LT+IOO,z,19.46,0.12,9669.83,19.430916852299834,9.705767159508293,9.91250000000582,-15.405749743022643,310028674754364.9,1453114.703359051,160604.17220952074,5.276259487896714e-14,5.831537492927698e-15,16.357917366927623,1.8079438407127655,0.0016916447721343213,0.00018696748967797424,2.0240448209432336e+37,2.2370570074827318e+36,2019-04-20T02:42:00.000000251,2019 04 20
58593.4315,P48+ZTF,r,19.437,0.058,6421.81,19.379741463460693,10.01811416821863,10.231500000001688,-15.456925131861784,466834830055700.75,1523246.022417484,81371.76315299858,5.530906307397885e-14,2.9546087200853784e-15,25.82019706068095,1.379314259722149,0.004020703985431046,0.0002147859029965304,4.810752950212967e+37,2.5699029827831013e+36,2019-04-20T10:21:21.599999894,2019 04 20
58593.4841,P48+ZTF,g,19.776,0.17,4813.97,19.69557398755756,10.069617154611182,10.2841000000044,-15.141092607764918,622755143883322.9,1138772.6893146737,178304.2292732801,4.13488363490158e-14,6.4742265649128e-15,25.750200529939306,4.031857895965502,0.005349057125395319,0.0008375328254986013,6.400121083296927e+37,1.0021039911834358e+37,2019-04-20T11:37:06.240000129,2019 04 20
58594.1142,LT+IOO,g,19.69,0.2,4795.5,19.609165092090457,10.68657593264127,10.914200000006531,-15.22750150323202,625153702429360.8,1233106.540498084,227146.61905794774,4.4774098485485425e-14,8.247693737994083e-15,27.990693441138045,5.156076276810455,0.005836866529274955,0.0010751905488083527,6.983782685185286e+37,1.2864603122894056e+37,2019-04-21T02:44:26.880000313,2019 04 21
58594.115,LT+IOO,r,19.5,0.08,6187.58,19.440238305537235,10.687359248018087,10.915000000000873,-15.396428289785241,484506799104011.56,1440692.5683338388,106154.1514058497,5.231154715620169e-14,3.8544572375464024e-15,25.34530026882984,1.867510738446898,0.004096157184041231,0.0003018160150570818,4.901032338880281e+37,3.611214081211993e+36,2019-04-21T02:45:35.999999824,2019 04 21
58594.1158,LT+IOO,i,19.48,0.08,7658.73,19.435798849067723,10.688142563402026,10.915800000002491,-15.400867746254754,391438865190442.8,1446595.4624312671,106589.09271638605,5.252588124087931e-14,3.8702499565319775e-15,20.560671346057767,1.5149662509882378,0.002684605847974503,0.00019780906899554337,3.21211796493836e+37,2.3667759817617402e+36,2019-04-21T02:46:45.119999964,2019 04 21
58594.1167,LT+IOO,z,19.52,0.16,9669.83,19.490916852299833,10.689023793206289,10.916700000001583,-15.345749743022644,310028674754364.9,1374991.1320453675,202626.18135338693,4.992592800456729e-14,7.357356644941479e-15,15.47846929513783,2.280991530326427,0.0016006971472236667,0.00023588744893409988,1.9152264258464634e+37,2.822381963431894e+36,2019-04-21T02:48:02.879999885,2019 04 21
58595.0926,LT+IOO,g,19.82,0.1,4795.5,19.739165092090456,11.644570645262405,11.892600000006496,-15.09750150323202,625153702429360.8,1093957.8808862076,100757.2443556775,3.97216106549782e-14,3.65849554255465e-15,24.832111967417166,2.2871220337493523,0.005178211232909429,0.00047693087973086273,6.195704795928747e+37,5.706455001478898e+36,2019-04-22T02:13:20.640000310,2019 04 22
58595.0935,LT+IOO,r,19.6,0.07,6187.58,19.540238305537237,11.645451875066668,11.893500000005588,-15.29642828978524,484506799104011.56,1313927.238499963,84712.01963416772,4.7708698029933656e-14,3.07589343291663e-15,23.11518857190302,1.490291281567486,0.003735739751551175,0.00024085204257035642,4.469794617092654e+37,2.88178308713752e+36,2019-04-22T02:14:38.400000231,2019 04 22
58595.0943,LT+IOO,i,19.45,0.07,7658.73,19.405798849067722,11.646235190443482,11.89429999999993,-15.430867746254755,391438865190442.8,1487123.712175147,95878.40895058891,5.3997461989079584e-14,3.4813450289958836e-15,21.136705244169384,1.362733747486538,0.002759818565763434,0.00017793207848906256,3.302109619461478e+37,2.1289487478571874e+36,2019-04-22T02:15:47.519999743,2019 04 22
58595.0951,LT+IOO,z,19.55,0.11,9669.83,19.520916852299834,11.647018505827424,11.895100000001548,-15.315749743022643,310028674754364.9,1337518.8064150761,135509.0380710239,4.8565307860931415e-14,4.920333172358878e-15,15.056638035162305,1.525444372776363,0.0015570737060695281,0.00015775296698870226,1.863031188646425e+37,1.887506650814504e+36,2019-04-22T02:16:56.639999882,2019 04 22
58596.138,LT+IOO,g,20.1,0.11,4795.5,20.019165092090457,12.668168021151395,12.93800000000192,-14.81750150323202,625153702429360.8,845280.0154732076,85638.4831735129,3.069211736183217e-14,3.1095333240302533e-15,19.187290804145842,1.94393627034499,0.004001103285193586,0.00040536675432071526,4.787300806798462e+37,4.850193688301503e+36,2019-04-23T03:18:43.199999915,2019 04 23
58596.1388,LT+IOO,r,19.75,0.06,6187.58,19.690238305537235,12.668951336535335,12.938800000003539,-15.146428289785241,484506799104011.56,1144382.7845850105,63240.92977114708,4.155253890828173e-14,2.2962781599903505e-15,20.13248762109648,1.1125623811493741,0.0032536933051526577,0.0001798057368388569,3.893028366069394e+37,2.151366979755445e+36,2019-04-23T03:19:52.320000054,2019 04 23
58596.1396,LT+IOO,i,19.66,0.08,7658.73,19.615798849067723,12.669734651919276,12.939600000005157,-15.220867746254754,391438865190442.8,1225595.3329431652,90305.20139769622,4.450136653916633e-14,3.2789818627503497e-15,17.41956441751521,1.283520939335041,0.002274471670566166,0.00016758926601865336,2.721394397349287e+37,2.0051974948780742e+36,2019-04-23T03:21:01.440000194,2019 04 23
58596.1405,LT+IOO,z,19.71,0.16,9669.83,19.680916852299834,12.670615881723537,12.94050000000425,-15.155749743022643,310028674754364.9,1154250.0371710937,170096.57146739095,4.1910818849682415e-14,6.176206509980966e-15,12.993555625837294,1.9148011192986798,0.0013437212056300156,0.0001980180747023143,1.6077559496226643e+37,2.369276724975125e+36,2019-04-23T03:22:19.200000116,2019 04 23
58596.3822,P48+ZTF,i,19.662,0.16,7883.06,19.62009155747314,12.90727504161649,13.182200000002922,-15.216575037849339,380299601931229.75,1220759.2258614986,179897.72771863284,4.432576749103102e-14,6.532086493463558e-15,16.857071732135342,2.484149893244554,0.0021383919102652194,0.0003151250774755683,2.558575619666535e+37,3.770456371930986e+36,2019-04-23T09:10:22.080000001,2019 04 23
58596.3929,P48+ZTF,r,19.68,0.051,6421.81,19.62274146346069,12.917751884854427,13.192900000001828,-15.213925131861785,466834830055700.75,1217783.408397078,57202.618422480075,4.4217715558897905e-14,2.0770270749202516e-15,20.64236972838942,0.9696285815414849,0.0032144161425500624,0.00015098992052731003,3.846033430219578e+37,1.806587125690393e+36,2019-04-23T09:25:46.559999906,2019 04 23
58596.4781,P48+ZTF,g,20.111,0.081,4813.97,20.03057398755756,13.001174973076644,13.278100000003178,-14.806092607764917,622755143883322.9,836444.3329802008,62401.88977256169,3.037129373051109e-14,2.265812617641715e-15,18.913879397067095,1.4110464627121146,0.00392895664016749,0.0002931149264976962,4.700977693566328e+37,3.507105975743888e+36,2019-04-23T11:28:27.840000023,2019 04 23
58597.1508,LT+IOO,g,20.12,0.07,4795.5,20.039165092090457,13.659845295217842,13.950800000005984,-14.79750150323202,625153702429360.8,829851.916466722,53502.5302629668,3.013192308690668e-14,1.9426768738483246e-15,18.837083279096444,1.2144716403101763,0.003928074920049305,0.00025325234914194065,4.699922719692301e+37,3.030152157924508e+36,2019-04-24T03:37:09.120000266,2019 04 24
58597.1516,LT+IOO,r,19.77,0.05,6187.58,19.710238305537235,13.660628610594658,13.951600000000326,-15.126428289785242,484506799104011.56,1123495.444793816,51738.87726457911,4.079411960046346e-14,1.8786386334768677e-15,19.76502830988677,0.9102131909790115,0.003194306709551516,0.00014710326023728364,3.8219725905070787e+37,1.7600834225466872e+36,2019-04-24T03:38:18.239999777,2019 04 24
58597.1539,LT+IOO,i,19.69,0.07,7658.73,19.645798849067724,13.662880642319035,13.95390000000043,-15.190867746254753,391438865190442.8,1192194.4575944678,76863.61720820003,4.328858075525513e-14,2.7909179408297432e-15,16.94483292654191,1.092473751598042,0.0022124860031025916,0.00014264424409765616,2.647228844823703e+37,1.706731509233774e+36,2019-04-24T03:41:36.959999786,2019 04 24
58597.1547,LT+IOO,z,19.95,0.15,9669.83,19.920916852299833,13.663663957702974,13.954700000002049,-14.915749743022644,310028674754364.9,925336.9344644808,127840.02187768332,3.35989840904053e-14,4.641871194378682e-15,10.416648510641345,1.4391131747736836,0.0010772318138624302,0.00014882507497791415,1.2889026760935187e+37,1.780684852975842e+36,2019-04-24T03:42:46.079999926,2019 04 24
58597.405,P48+ZTF,r,19.845,0.057,6421.81,19.78774146346069,13.908743757957255,14.205000000001746,-15.048925131861786,466834830055700.75,1046092.41407802,54918.74300694464,3.798361555517291e-14,1.99409955858216e-15,17.732074712600216,0.9309151285448506,0.002761226930195726,0.00014496148726680648,3.303794720720405e+37,1.7344572121274566e+36,2019-04-24T09:43:11.999999899,2019 04 24
58597.4728,P48+ZTF,g,20.528,0.181,4813.97,20.447573987557558,13.975129736616175,14.2728000000061,-14.389092607764919,622755143883322.9,569687.9627488045,94971.06277348862,2.068536992740909e-14,3.448399289305372e-15,12.881920525423409,2.1475083955785155,0.0026759453269179926,0.0004460992477266197,3.201755693213319e+37,5.337556009755708e+36,2019-04-24T11:20:49.920000276,2019 04 24
58598.1207,LT+IOO,g,20.37,0.17,4795.5,20.289165092090457,14.60951728189797,14.920700000002398,-14.54750150323202,625153702429360.8,659174.8078895737,103210.81387001475,2.3934637274470423e-14,3.747584651620236e-15,14.962827108438969,2.3428164201278365,0.00312018081710749,0.0004885447649104027,3.7332813172737326e+37,5.845414578193216e+36,2019-04-25T02:53:48.479999956,2019 04 25
58598.1218,LT+IOO,r,19.89,0.06,6187.58,19.830238305537236,14.610594340549998,14.921800000003714,-15.00642828978524,484506799104011.56,1005938.2355238494,55590.201254158776,3.652561733187097e-14,2.018480207538505e-15,17.69690993876281,0.977967384409282,0.002860069678091081,0.00015805329133672323,3.422059592436336e+37,1.8911000171714848e+36,2019-04-25T02:55:23.520000069,2019 04 25
58598.1247,LT+IOO,i,19.73,0.08,7658.73,19.685798849067723,14.613433858810547,14.924700000003213,-15.150867746254754,391438865190442.8,1149071.620033185,84666.72585826977,4.1722790523404945e-14,3.0742488159137755e-15,16.33192177506019,1.2033804678143507,0.0021324582241520713,0.0001571253285876837,2.5514759928156405e+37,1.879996987580633e+36,2019-04-25T02:59:34.080000026,2019 04 25
58598.1257,LT+IOO,z,20.13,0.3,9669.83,20.100916852299832,14.614413003035128,14.925699999999779,-14.735749743022645,310028674754364.9,783970.8181951285,216619.14231821377,2.8465980408665115e-14,7.865441057574342e-15,8.825270181682159,2.4385122674383433,0.0009126603240886509,0.00025217736686563707,1.0919936813456065e+37,3.0172900467721005e+36,2019-04-25T03:01:00.479999729,2019 04 25
58598.361,P48+ZTF,r,19.962,0.092,6421.81,19.90474146346069,14.844805639870808,15.161000000000058,-14.931925131861785,466834830055700.75,939225.884028004,79585.42871822693,3.4103291849056825e-14,2.88974691675882e-15,15.920604454694407,1.3490345107890889,0.002479145981381325,0.00021007076054711815,2.9662862242916952e+37,2.5134865305116148e+36,2019-04-25T08:39:50.399999754,2019 04 25
58599.1894,LT+IOO,g,20.42,0.08,4795.5,20.339165092090457,15.655928718305926,15.989400000005844,-14.49750150323202,625153702429360.8,629507.0544266467,46383.79390263642,2.285740114623154e-14,1.6841955566047283e-15,14.289388954479762,1.052881087826524,0.002979749547383956,0.0002195560604371857,3.565255979528751e+37,2.6269776867746523e+36,2019-04-26T04:32:44.160000253,2019 04 26
58599.1918,LT+IOO,z,20.17,0.12,9669.83,20.140916852299835,15.658278664450624,15.991800000003423,-14.695749743022642,310028674754364.9,755613.8282506944,83513.52657553018,2.7436338103782715e-14,3.032376149957501e-15,8.50605154242844,0.9401235591280672,0.0008796485090666992,9.722234611446811e-05,1.052495203694879e+37,1.1632606879082688e+36,2019-04-26T04:36:11.520000044,2019 04 26
58599.2766,P48+ZTF,g,20.466,0.077,4813.97,20.38557398755756,15.741310094977308,16.076600000000326,-14.451092607764917,622755143883322.9,603166.264432174,42776.32279161561,2.190096706153224e-14,1.5532082805635628e-15,13.638939893588425,0.96726844624313,0.002833200018610092,0.00020092947115231917,3.3899101743026535e+37,2.4041114432529466e+36,2019-04-26T06:38:18.239999777,2019 04 26
58599.4846,P48+ZTF,r,19.966,0.059,6421.81,19.908741463460693,15.944972094395691,16.28460000000632,-14.927925131861784,466834830055700.75,935772.0141667549,50850.79469016864,3.397788183439487e-14,1.846392355200023e-15,15.862058691812411,0.8619602613559478,0.0024700292739605204,0.00013422388101733745,2.9553781277792978e+37,1.6059822705997222e+36,2019-04-26T11:37:49.440000295,2019 04 26
58600.4715,P48+ZTF,r,20.081,0.101,6421.81,20.02374146346069,16.91128953295071,17.27150000000256,-14.812925131861785,466834830055700.75,841724.6636064871,78300.9635781593,3.056302253555155e-14,2.843107987522964e-15,14.267883431372761,1.3272618341852882,0.0022217853582358806,0.00020668033376653749,2.6583554784442463e+37,2.472920237404089e+36,2019-04-27T11:18:57.599999970,2019 04 27
58601.1606,LT+IOO,i,20.38,0.1,7658.73,20.33579884906772,17.586017820430623,17.960600000005797,-14.500867746254755,391438865190442.8,631461.8221980332,58159.78314352192,2.2928378764010586e-14,2.111781725941281e-15,8.975058564040951,0.8266334423323697,0.0011718729559654084,0.00010793348797155269,1.4021403467186584e+37,1.2914189842559542e+36,2019-04-28T03:51:15.840000249,2019 04 28
58605.4333,P48+ZTF,r,20.73,0.079,6421.81,20.672741463460692,21.769607363164468,22.233299999999872,-14.163925131861784,466834830055700.75,462988.3388876806,33687.81349635002,1.6811106585011683e-14,1.2232045080524693e-15,7.848010085662201,0.5710344686400415,0.0012220869327591755,8.892110925736536e-05,1.462221128063879e+37,1.0639367887965006e+36,2019-05-02T10:23:57.119999737,2019 05 02
58607.0861,LT+IOO,r,21.22,0.11,6187.58,21.160238305537234,23.387936943115,23.886100000003353,-13.676428289785242,484506799104011.56,295509.41074814386,29939.164817237743,1.0729946704265103e-14,1.0870910745139024e-15,5.198732132240123,0.5267030168472714,0.0008401882694430009,8.512261931922842e-05,1.005281217071224e+37,1.0184880396658494e+36,2019-05-04T02:03:59.040000038,2019 05 04
58607.089,LT+IOO,i,20.88,0.1,7658.73,20.83579884906772,23.39077646137555,23.889000000002852,-14.000867746254755,391438865190442.8,398425.4744746956,36696.342327780556,1.4466828978176198e-14,1.332444189921712e-15,5.662879118121504,0.5215704416325537,0.0007394018483640897,6.810142695101587e-05,8.846907497541436e+36,8.148302929174466e+35,2019-05-04T02:08:09.599999995,2019 05 04
58607.09,LT+IOO,z,20.72,0.16,9669.83,20.690916852299832,23.39175560560013,23.889999999999418,-14.145749743022645,310028674754364.9,455302.35558280046,67095.83467328196,1.6532028531211484e-14,2.4362497569868682e-15,5.1254028965328455,0.7553072835292822,0.0005300406415141575,7.810967550921601e-05,6.341910742836347e+36,9.345785048034412e+35,2019-05-04T02:09:35.999999698,2019 05 04
58607.3705,P48+ZTF,r,20.692,0.087,6421.81,20.634741463460692,23.666405561539385,24.170500000000175,-14.201925131861785,466834830055700.75,479479.5099026173,38420.67454204544,1.7409901004564034e-14,1.39505469262167e-15,8.127548176752224,0.6512601203484452,0.0012656164191641023,0.00010141379460750864,1.5143039488590802e+37,1.2134111672189178e+36,2019-05-04T08:53:31.199999764,2019 05 04
58608.4033,P48+ZTF,r,20.639,0.128,6421.81,20.58174146346069,24.677665720161592,25.203300000001036,-14.254925131861786,466834830055700.75,503465.89054479555,59354.78038525021,1.8280846485681526e-14,2.1551720757884352e-15,8.53413586241749,1.006109389741486,0.0013289299842906422,0.00015667068781877473,1.5900583245417135e+37,1.8745572326813885e+36,2019-05-05T09:40:45.119999838,2019 05 05
58610.1965,LT+IOO,g,21.86,0.19,4795.5,21.779165092090455,26.433467149712232,26.996500000001106,-13.057501503232022,625153702429360.8,167109.29279838197,29243.5358538732,6.067738421509249e-15,1.061832786854136e-15,3.7932691395793925,0.6638086980627493,0.000791005972177957,0.00013842325056047323,9.4643483531236e+36,1.6562275248931917e+36,2019-05-07T04:42:57.599999844,2019 05 07
58610.1974,LT+IOO,r,21.36,0.21,6187.58,21.300238305537235,26.434348379516493,26.997400000000198,-13.536428289785242,484506799104011.56,259759.42598304496,50241.92729079296,9.431864757444363e-15,1.8242843799286926e-15,4.569802603211302,0.8838781855746973,0.0007385444072175717,0.00014284715277615762,8.836648255527618e+36,1.709159301797618e+36,2019-05-07T04:44:15.359999766,2019 05 07
58610.1982,LT+IOO,i,21.28,0.19,7658.73,21.235798849067724,26.435131694900434,26.998200000001816,-13.600867746254753,391438865190442.8,275643.082844666,48236.56566942385,1.0008600338089822e-14,1.75146969945678e-15,3.917755158486562,0.6855933115708079,0.0005115410986529833,8.951788502412384e-05,6.120564603654095e+36,1.0710771820981508e+36,2019-05-07T04:45:24.479999905,2019 05 07
58610.199,LT+IOO,z,20.92,0.42,9669.83,20.890916852299835,26.435915010284376,26.999000000003434,-13.945749743022642,310028674754364.9,378704.00427147775,146495.69674196656,1.3750742395097357e-14,5.319258748700806e-15,4.263124441640695,1.649122740535272,0.00044086860282349275,0.00017054309543552181,5.274971595458079e+36,2.040539921560357e+36,2019-05-07T04:46:33.600000045,2019 05 07
58611.1743,LT+IOO,g,21.77,0.23,4795.5,21.689165092090455,27.390874375797193,27.974300000001676,-13.147501503232021,625153702429360.8,181551.81764068874,38459.54281929895,6.5921464985334085e-15,1.396465999768745e-15,4.121104790514907,0.8730058900721498,0.0008593691566082591,0.000182046896063424,1.0282310561671445e+37,2.1781823419172714e+36,2019-05-08T04:10:59.519999893,2019 05 08
58611.1751,LT+IOO,r,21.52,0.19,6187.58,21.460238305537235,27.391657691181134,27.975100000003295,-13.376428289785242,484506799104011.56,224166.81220362993,39228.400169429624,8.139496951113803e-15,1.4243832101519897e-15,3.94364161410101,0.6901233498482372,0.000637347980002038,0.00011153364479299456,7.625837878682755e+36,1.3344946871993632e+36,2019-05-08T04:12:08.640000033,2019 05 08
58611.1759,LT+IOO,i,21.1,0.12,7658.73,21.055798849067724,27.392441006565075,27.975900000004913,-13.780867746254753,391438865190442.8,325347.21875621856,35958.7034858468,1.1813357513038297e-14,1.3056605235710975e-15,4.624207258992702,0.5110862736706299,0.0006037825147240733,6.673250965507727e-05,7.224228703532479e+36,7.984512634144125e+35,2019-05-08T04:13:17.760000173,2019 05 08
58611.1767,LT+IOO,z,20.72,0.21,9669.83,20.690916852299832,27.393224321949013,27.97670000000653,-14.145749743022645,310028674754364.9,455302.35558280046,88063.28300868259,1.6532028531211484e-14,3.1975778060452645e-15,5.1254028965328455,0.991340809632183,0.0005300406415141575,0.00010251894910584601,6.341910742836347e+36,1.2266342875545166e+36,2019-05-08T04:14:26.880000313,2019 05 08
58612.4016,P48+ZTF,g,21.783,0.217,4813.97,21.70257398755756,28.592578086752496,29.201600000000326,-13.134092607764916,622755143883322.9,179323.43243063596,35840.36773105188,6.511233831556392e-15,1.3013637523144939e-15,4.054904361628861,0.8104309708171535,0.0008423202391433392,0.0001683498174723053,1.0078321085476499e+37,2.0142974563840755e+36,2019-05-09T09:38:18.239999777,2019 05 09
58612.4549,P48+ZTF,r,21.226,0.111,6421.81,21.16874146346069,28.64476647410154,29.254899999999907,-13.667925131861786,466834830055700.75,293204.1093202738,29975.657062850383,1.0646241209419142e-14,1.0884161079520975e-15,4.970036205731183,0.5081105487857047,0.0007739307462742097,7.912263813250543e-05,9.260044097725404e+36,9.46698553795117e+35,2019-05-09T10:55:03.359999741,2019 05 09
58616.4117,P48+ZTF,r,20.941,0.088,6421.81,20.88374146346069,32.51904435523336,33.21169999999984,-13.952925131861786,466834830055700.75,381215.063092567,30897.860276860876,1.3841918940891109e-14,1.1219013066528185e-15,6.461889876415686,0.5237426058305371,0.0010062412118103286,8.155685170232957e-05,1.20396276271093e+37,9.758238018982164e+35,2019-05-13T09:52:50.879999734,2019 05 13
58616.4688,P48+ZTF,g,21.662,0.156,4813.97,21.581573987557558,32.574953490654345,33.268800000005285,-13.255092607764919,622755143883322.9,200464.30059052,28802.97327755383,7.278858754441781e-15,1.0458359597079795e-15,4.532946730928776,0.6512997235662958,0.0009416233858808376,0.0001352936814243329,1.126647845260393e+37,1.6187823809354763e+36,2019-05-13T11:15:04.320000205,2019 05 13
58617.338,P48+ZTF,r,21.017,0.171,6421.81,20.95974146346069,33.42602565358492,34.138000000006286,-13.876925131861785,466834830055700.75,355443.071184755,55981.153530873824,1.2906137914718455e-14,2.0326756847060287e-15,6.025034700093026,0.948923807828094,0.0009382144130849442,0.00014776578687754604,1.1225690257316575e+37,1.7680105218824898e+36,2019-05-14T08:06:43.200000292,2019 05 14
58627.3911,P48+ZTF,r,21.581,0.214,6421.81,21.52374146346069,43.26946049153397,44.191100000003644,-13.312925131861785,466834830055700.75,211431.6761580098,41673.454840620034,7.677084161297335e-15,1.5131631452629135e-15,3.583930279762553,0.7063972597653618,0.0005580872495079351,0.00010999971343988093,6.677487056433248e+36,1.3161412724512131e+36,2019-05-24T09:23:11.040000063,2019 05 24
58635.3518,P48+ZTF,r,21.946,0.193,6421.81,21.888741463460693,51.06413394693003,52.15179999999964,-12.947925131861783,466834830055700.75,151067.15583088543,26853.632537616253,5.48524842821945e-15,9.750553974408462e-16,2.560705017801127,0.4551898207591912,0.00039875128940300734,7.08818574139053e-05,4.771039969238342e+36,8.480980094682668e+35,2019-06-01T08:26:35.519999717,2019 06 01
58637.8263,P48+ZTF,r,22.272,0.16,6421.81,22.21474146346069,53.48702633898319,54.62630000000354,-12.621925131861786,466834830055700.75,111884.53280808071,16487.914072351352,4.0625273862614105e-15,5.986761599670776e-16,1.8965292819619757,0.2794828833966302,0.000295326283705369,4.352088949947603e-05,3.533564758209183e+36,5.207253463924208e+35,2019-06-03T19:49:52.320000054,2019 06 03
58642.3119,P48+ZTF,r,22.395,0.171,6421.81,22.33774146346069,57.87907568785226,59.111900000003516,-12.498925131861785,466834830055700.75,99901.04997377741,15734.097721574599,3.627407124547858e-15,5.713050882703737e-16,1.6933999885311375,0.266705113792657,0.0002636951246659645,4.153114367953225e-05,3.155099464024744e+36,4.969181335059385e+35,2019-06-08T07:29:08.160000052,2019 06 08
